{
    "version": "v0.2.0",
    "feature_names": [
        "energy",
        "zero_crossing",
        "peak_abs",
        "silence_ratio"
    ],
    "centroids": {
        "neutral": [
            0.11831481009721756,
            0.02994401566684246,
            0.3506925702095032,
            0.4399928152561188
        ],
        "calm": [
            0.09033738076686859,
            0.021204400807619095,
            0.27729538083076477,
            0.500600278377533
        ],
        "happy": [
            0.19940686225891113,
            0.06134119629859924,
            0.6179784536361694,
            0.18515585362911224
        ],
        "sad": [
            0.058974288403987885,
            0.021734248846769333,
            0.18182533979415894,
            0.632011890411377
        ],
        "angry": [
            0.2613634169101715,
            0.10264299809932709,
            0.8775339126586914,
            0.1106671541929245
        ],
        "fearful": [
            0.15167953073978424,
            0.07979296892881393,
            0.5681851506233215,
            0.20881040394306183
        ],
        "disgust": [
            0.10944399237632751,
            0.05152074620127678,
            0.4014245569705963,
            0.34676456451416016
        ],
        "surprised": [
            0.2422724962234497,
            0.12064228951931,
            0.8218141198158264,
            0.09851975739002228
        ]
    },
    "trained_at": "2026-04-21T07:50:05.872954+00:00"
}